parameter,prior_mean,prior_std,posterior_mean,posterior_std,delta_mean,delta_std,pct_change_mean,kl_divergence
first_is_aromatic_rf2_hr,0.069,0.01,0.069,0.01,0.0,0.0,0.0,0.0
first_is_aromatic_final_hr,3.676,0.8,3.676,0.8,0.0,0.0,0.0,0.0
glycine_ratio_rf2_hr,1.39,0.15,1.39,0.15,0.0,0.0,0.0,0.0
serine_ratio_rf2_hr,2.444,0.15,2.444,0.15,0.0,0.0,0.0,0.0
p_rf2_baseline,0.238,0.01,0.3787009924445003,0.008006677818079446,0.1407009924445003,-0.0019933221819205538,59.12,2420711.457330352
p_final_given_rf2_baseline,0.026,0.005,0.12869576379974326,0.004068737480782105,0.10269576379974327,-0.0009312625192178948,394.98,19286997.914886408
