treatment,mediation_stage1_effect,mediation_stage1_se,cox_hr_rf2,direction_consistent,mediation_total_effect,survival_combined_hr
first_is_aromatic,0.5820851962018285,0.014344086926751166,0.2538265562676846,True,0.03433297011885759,0.3436067449961977
cdr3_length_bin,0.47737152765823565,0.009710221451958316,0.33135931362968674,True,0.017900450046990122,0.3784460994079975
glycine_ratio_bin,-0.042729242658530286,0.008727682901547146,1.1332078634316716,True,-0.001106575543746935,1.0979095945995068
serine_ratio_bin,-0.10041196888938383,0.0074999691993871105,1.3935217408470966,True,-0.001544936085413907,1.3640835273214678
