position,amino_acid,CATE,SE,t_stat,n_sequences
0,Y,-1.845540614950988,0.5939678370402715,-3.1071389726205987,625
0,L,-1.6515401955477111,0.791522394863433,-2.086536282820732,98
9,E,-1.627715443403875,0.5344026016484326,-3.045859878643892,85
0,V,-1.5823506780910654,0.7395439815457414,-2.1396302553686533,95
6,H,-1.5417834744923726,0.649609928968712,-2.373398874829439,43
6,R,-1.228402302229277,0.3743291786274579,-3.2816098032577226,281
4,R,-1.1383417123322208,0.38736283081918826,-2.938696286179227,318
3,E,-0.9567239676944874,0.35787976250122355,-2.6733111730262102,369
7,D,-0.8872379415472605,0.35432073613125625,-2.504053110847534,457
3,L,-0.8713759756776921,0.34238464717263795,-2.5450205868557094,505
6,A,-0.854279351561328,0.33335481607108264,-2.5626728949947624,654
2,D,-0.8177331396698632,0.39621171056803206,-2.063879279331531,1009
7,E,-0.7826325740326471,0.3069499037200325,-2.549707833583432,315
5,V,-0.7304141691570659,0.33096985283023883,-2.206890334303983,558
6,T,0.6905260740850119,0.3027539960706913,2.2808157218304,686
4,N,0.7538785614879834,0.31447429305125457,2.3972660982025404,411
7,R,0.8744186696445672,0.42093716458041136,2.077314010788723,135
4,H,0.9800344004682515,0.45824144567851127,2.1386856420573856,249
1,L,1.0850587465728203,0.49007692448199064,2.214058023074078,1442
5,M,1.239318315218037,0.3703528604360468,3.346317654355054,493
8,N,1.2743933158504113,0.42689772229854517,2.9852427157228574,139
6,V,1.3573369850944201,0.5558817101853677,2.441773061110059,77
5,F,1.3758475785336393,0.3877774695908659,3.54803382461921,997
1,F,1.4202492505180793,0.4907125862616954,2.8942588600339367,403
5,W,1.496348295349128,0.5899570489173446,2.536368195100204,110
1,W,1.620239942977801,0.7808415549774586,2.0749919527842935,64
0,T,1.7361397377068102,0.8192319049409533,2.119228666798498,47
10,E,1.743648699379853,0.7664706224014296,2.2749061065339022,45
0,R,3.1669879595980746,0.7999161819314826,3.959149759854896,69
